stop,length
AKTIENGESELLSCHAFT,18
ASSET MANAGEMENT,17
INVESTISSEMENTS,15
GMBH & CO KGAA,14
AG & Co. KGaA,14
SECURITIZATION,14
GMBH & CO. KG,13
INTERNATIONAL,13
SE & Co. KGaA,13
SE & Co KGaA,12
GMBH & CO KG,12
ACQUISITIONS,12
INCORPORATED,12
INTERMEDIATE,12
S.A.B. de CV,12
SE & CO KGAA,12
MANAGEMENT,11
ACQUISITION,11
AG & CO KGA,11
CORPORATION,11
LIMITED\x7f,11
AKTIEBOLAG,10
HOLDING NV,10
HOLDINGREP,10
INVESTMENT,10
LUXEMBOURG,10
PARTNERS,9
& CO KGAA,9
AND CO KG,9
COMPANIES,9
GROUP PLC,9
LIMITADA.,9
SAB DE CV,9
SE & CO K,9
 & CO AG,8
HOLDINGS,8
LIMITADA,8
NV - AUC,8
PARTNERS,8
& CO SE,7
CO KGAA,7
COMPANY,7
FINANCE,7
HOLDING,7
LIMITED,7
XXVIIII,7
CAPITAL,7
FUNDS,6
BONDCO,6
Co PLC,6
CORPOR,6
HOLDCO,6
PARENT,6
SENIOR,6
XVIIII,6
XXIIII,6
XXVIII,6
XXXIII,6
XXXXII,6
HOLDI,5
GROUP,5
(LUX),5
ASSET,5
BIDCO,5
Co SA,5
NEWCO,5
TOPCO,5
TRUST,5
XIIII,5
XVIII,5
XXIII,5
XXVII,5
XXXII,5
XXXIX,5
PUBL,4
FUND,4
2025,4
1828,4
SCRL,4
HOLD,4
CORP,4
DEBT,4
EURO,4
GMBH,4
IIII,4
IPTO,4
KGAA,4
KGaA,4
LLLP,4
PJSC,4
SA D,4
SAKP,4
SARL,4
SASU,4
VIII,4
VIII,4
XIII,4
XLIV,4
XLIX,4
XVII,4
XXII,4
XXIV,4
XXIX,4
XXVI,4
XXXI,4
XXXV,4
A S,3
ALT,3
AMR,3
AND,3
AND,3
ASA,3
BVI,3
CLO,3
DAC,3
III,3
INC,3
INV,3
LLC,3
LLP,3
LTD,3
MBH,3
OAT,3
OYJ,3
P F,3
PLC,3
RLJ,3
S√Ä,3
S√Ä,3
SAS,3
SAU,3
SCA,3
SEB,3
SLU,3
SPA,3
SPC,3
SRL,3
STE,3
THE,3
VII,3
XII,3
XIV,3
XIX,3
XLI,3
XVI,3
XXI,3
XXV,3
XXX,3
10,2
11,2
12,2
31,2
PL,2
DD,2
RT,2
CV,2
BR,2
VA,2
AB,2
AG,2
AS,2
BV,2
CO,2
II,2
IV,2
IX,2
LP,2
NV,2
NV,2
OF,2
OY,2
RL,2
SA,2
SE,2
SL,2
TX,2
UA,2
UK,2
US,2
VI,2
XI,2
XL,2
XV,2
XX,2
1,1
2,1
3,1
4,1
5,1
6,1
7,1
8,1
9,1
 ,1
&,1
 ,1
A,1
B,1
C,1
D,1
E,1
F,1
G,1
H,1
I,1
J,1
K,1
L,1
M,1
N,1
O,1
P,1
Q,1
R,1
S,1
T,1
U,1
V,1
W,1
X,1
Y,1
Z,1
